platform,post_id,post_date,post_url,post_message,standardized_tags,raw_post_type,raw_tags,primary_asset_type,asset_type_basis,asset_type_source,override_notes
facebook,205183899497146_1371664378327957,2026-04-02,https://www.facebook.com/reel/960138280044285/,"Dozens of meetings, five panels and presentations, serious conversations about vaccine development and preparing for future outbreaks — it's been a busy week at the World Vaccine Congress. Here are live reactions from some of the Sabin team. 🎤   #WVCDC",Video Short; Event,,,Video short,asset-like standardized tag,standardized_posts.tags,
facebook,205183899497146_1376319191195809,2026-04-08,https://www.facebook.com/reel/2189339058536579/,"When you work in vaccine development, your friends and family may or may not be able to explain exactly what you do every day... 💉Hear from a few members of Sabin's R&D team on how close their loved ones come to nailing their job description.  And as for the real work, here's an explainer on how vaccines are made safe and effective ⤵️ https://ow.ly/PTtR50YClMO",Video Short; Blog; Sabin R&D,,,Video short,asset-like standardized tag,standardized_posts.tags,
facebook,205183899497146_1383575483803513,2026-04-17,https://www.facebook.com/reel/953158600429350/,"""Although some of these rich countries have been able to get rid of the disease, many poorer countries or resource-limited countries are still fighting.""  #Typhoid remains a problem around the world — but #VaccinesWork to protect against the disease. Hear from these Sabin research partners about the work they're doing to #TakeOnTyphoid, and read Sabin President of Vaccine Epidemiology Dr. Denise Garrett, MD, MSc on the future of typhoid prevention.  🔗 https://ow.ly/qSUx50YIt5m",Video Short; Typhoid; Sabin Global Immunization; Applied Epi & Vaccine Introduction,,,Video short,asset-like standardized tag,standardized_posts.tags,
facebook,205183899497146_1389610083200053,2026-04-24,https://www.facebook.com/reel/1743744043673315/,"What is a malariologist, and why is the work they do so important? 🦟  This #WorldMalariaDay, hear about the nuances of preventing the disease from Jason Maguire, Vice President, Clinical for Sabin's Research and Development team. Dr. Maguire, a malariologist,  studied and treated the disease for years as a physician and researcher with the U.S. Navy.⤵️",Video Short; Malaria,,,Video short,asset-like standardized tag,standardized_posts.tags,
facebook,205183899497146_1394123819415346,2026-04-29,https://www.facebook.com/reel/997718272681528/,"""We have vaccines. We have the tools and the resources that are needed. But it's about how we can deliver those while working with countries as the ultimate decision-makers.""  This #WorldImmunizationWeek, hear from Sabin President of Global Immunization Rebecca Martin on why immunization is a critical pillar of global health security. ⤵️",Video Short; Sabin Global Immunization; Vaccine Access & Equity,,,Video short,asset-like standardized tag,standardized_posts.tags,
instagram,18076410617554832,2026-04-14,https://www.instagram.com/p/DXHWw-eEqM3/,"🌟 Our 2026 Rising Star awardee, Dr. Senjuti Saha, has already left a permanent mark on public health.  Under her leadership as Deputy Executive Director of the Child Health Research Foundation in Bangladesh, surveillance programs have continued to generate critical evidence for the impact of vaccines, and her landmark studies on typhoid epidemiology and antimicrobial resistance formed the scientific foundation for Bangladesh’s launch of the typhoid conjugate vaccine campaign in October 2025, where over 40 million children under the age of 15 have been vaccinated so far.  We are excited to celebrate Dr. Saha for her impactful work, and also for her compassionate, community-rooted approach to science and mentorship.   Read her full bio on our website at the link in our bio, and mark your calendar to join the Sabin Awards Ceremony livestream on May 12 at 6:30 p.m. on sabin.org.",Photo Carousel; Sabin Awards,Carousel album,"Asset Type: Photo Carousel, Topic: Sabin Awards",Carousel,asset-like standardized tag,standardized_posts.tags,
instagram,18076587683437113,2026-04-01,https://www.instagram.com/p/DWmS3Q1DaNc/,"“There is no need for the vaccine because hunger will kill my child before any vaccine-preventable disease does.”  Sabin's Boost Community is made up of immunization professionals in all parts of the world. For member Fri Delphine Chifor, who works in parts of Cameroon where conflict has stripped families of safety, income, and access to basic services, vaccines remain one of the few consistent shields children still have. But getting vaccinated can often seem like a secondary concern as parents grapple with urgent questions of where they will sleep tonight or how they will find their next meal.  Chifor shares how  the Cameroon Baptist Convention Health Services Immunization Program started intentionally shifting the way they engaged with families, addressing what mattered most to them first and offering essential vaccines at the same time.   The impact was immediate — not only did they vaccinate more than 163,000 children in less than a year, but they also screened thousands for malnutrition, gave away mosquito nets and medications, and provided more than 13,000 caregivers with nutrition and vaccine education.  Read the full story at the link in our bio.",Single Photo; Blog; GCE/Boost; Trust in Vaccines,Photo,"Asset Type: Single Photo, Promoted Content: Blog, Team: GCE/Boost, Theme: Trust in Vaccines",Photo,asset-like standardized tag,standardized_posts.tags,
instagram,18526022476078125,2026-04-27,https://www.instagram.com/p/DXo9HFplIRD/,"Vaccines aren't just an essential public health tool — they also save individuals and communities money. Illness can disrupt the workforce, overwhelm health care systems, and ultimately be far more expensive than the vaccines that could have prevented the disease. #VaccinesWork #WorldImmunizationWeek2026",Graphics Carousel; General #VaccinesWork,Carousel album,"Asset Type: Graphics Carousel, Theme: General #VaccinesWork",Carousel,asset-like standardized tag,standardized_posts.tags,
instagram,18100168138793348,2026-04-07,https://www.instagram.com/p/DW1_uHaD3ej/,"You hear it a lot — no invention has had a larger impact on human health than #vaccines.  They have saved an estimated 154 million lives over the past 50 years. That's a rate of six lives every minute.  For #WorldHealthDay this year, with the theme of #StandWithScience, we're sharing some of the science that makes vaccines effective and safe.",General #VaccinesWork; Trust in Vaccines; Vaccine R&D,Carousel album,"Theme: General #VaccinesWork, Theme: Trust in Vaccines, Theme: Vaccine R&D",Carousel,raw platform post type,instagram_post_performance_2026-04-01_to_2026-04-30_created_on_20260518T1536Z_instagram_post_performance.csv,
instagram,17921423778328023,2026-04-16,https://www.instagram.com/reel/DXMcWqLiKp_/,"Join us in celebrating the tenure of Dr. Axel Hoos, who is departing the Sabin Board of Trustees after more than 20 years. 👏 His legacy includes two terms as Executive Chair, initiating a new strategic direction for the organization, and setting us on a path that includes vaccine development towards licensure. We thank him for his many years of impactful leadership.",General Sabin Staff/Org,Reel,Topic: General Sabin Staff/Org,Video short,raw platform post type,instagram_post_performance_2026-04-01_to_2026-04-30_created_on_20260518T1536Z_instagram_post_performance.csv,
instagram,18179970952377164,2026-04-03,https://www.instagram.com/reel/DWr0zWqky4E/,"The Sabin team connected with many outstanding scientists and global health experts at this week's #WVCDC World Vaccine Conference in Washington, D.C. and we're looking forward to next year!",Conference; Sabin R&D,Reel,"Promoted Content: Conference, Team: Sabin R&D",Video short,raw platform post type,instagram_post_performance_2026-04-01_to_2026-04-30_created_on_20260518T1536Z_instagram_post_performance.csv,
instagram,18047821214741150,2026-04-22,https://www.instagram.com/p/DXcJx88DKln/,"English physician Dr. Edward Jenner is credited with creating the first vaccination. In 1796, he used material from cowpox (a disease related to smallpox) to inoculate 8-year-old James Phipps. Two months later, Jenner exposed Phipps to smallpox, but the child did not get the disease.  Vaccines have now saved an estimated 154 million lives — that's the equivalent of six lives every minute for the past 50 years — and the vast majority of lives saved were infants. Today, childhood vaccinations prevent an estimated 4 million deaths annually.  Learn more about the history and impact of vaccines, and how they work at the link in our bio.",Single Photo; Blog,Photo,"Asset Type: Single Photo, Promoted Content: Blog",Photo,asset-like standardized tag,standardized_posts.tags,
instagram,18088573259251172,2026-04-20,https://www.instagram.com/p/DXW108zjrJ8/,"🏅 Through their unwavering dedication to innovation in the service of humanity, the 2026 Sabin Gold Medal winners have advanced immunization and inspired a generation of scientists.  As physician-scientists, entrepreneurs, and life partners, Professors Uğur Şahin, MD, and Özlem Türeci, MD, have devoted their careers to translating science into meaningful medical advances for patients.   Together they led and initiated the historic development of the first approved new technology vaccine against COVID-19, moving from lab and clinical evaluation to conditional approval within an unprecedented 11-month period. This vaccine is credited with saving millions of lives worldwide.  With their team and partners, they are also leading initiatives to build a sustainable and resilient vaccine ecosystem, contributing to improved access to novel medicines worldwide.  Read more about their work at the link in our bio and stay tuned for details on how to livestream the 2026 Sabin Awards Ceremony on May 12.",Photo Carousel; Sabin Awards,Carousel album,"Asset Type: Photo Carousel, Topic: Sabin Awards",Carousel,asset-like standardized tag,standardized_posts.tags,
instagram,17875747530587741,2026-04-24,https://www.instagram.com/reel/DXhiONtCvyX/,"What is a malariologist, and why is the work they do so important? 🦟  This #WorldMalariaDay, hear about the nuances of preventing the disease from Jason Maguire, Vice President, Clinical for Sabin's Research and Development team. Dr. Maguire, a malariologist,  studied and treated the disease for years as a physician and researcher with the U.S. Navy.",Video Short; Malaria,Reel,"Asset Type: Video Short, Disease Area: Malaria",Video short,asset-like standardized tag,standardized_posts.tags,
instagram,18172195408400635,2026-04-17,https://www.instagram.com/reel/DXPVLNFj7ay/,"""Although some of these rich countries have been able to get rid of the disease, many poorer countries or resource-limited countries are still fighting.""  #Typhoid remains a problem around the world — but #VaccinesWork to protect against the disease. Hear from these Sabin research partners about the work they're doing to #TakeOnTyphoid.",Video Short; Typhoid; Sabin Global Immunization; Applied Epi & Vaccine Introduction,Reel,"Asset Type: Video Short, Disease Area: Typhoid, Team: Sabin Global Immunization, Theme: Applied Epi & Vaccine Introduction",Video short,asset-like standardized tag,standardized_posts.tags,
instagram,18108589093891365,2026-04-09,https://www.instagram.com/reel/DW6y0Lxkybf/,"When you work in vaccine development, your friends and family may or may not be able to explain exactly what you do every day... 💉Hear from a few members of Sabin's R&D team on how close their loved ones come to nailing their job description.  And as for the real work, here's an explainer on how vaccines are made safe and effective ⤵️ https://ow.ly/25BX50YChfK",Video Short; Blog; Sabin R&D,Reel,"Asset Type: Video Short, Promoted Content: Blog, Team: Sabin R&D",Video short,asset-like standardized tag,standardized_posts.tags,
instagram,18263742916293157,2026-04-06,https://www.instagram.com/reel/DWy2VLhjWPw/,"""It's very rare in one person's lifetime to be able to generate data, advocate for changes, and actually see the changes happen.""  Dr. Senjuti Saha, Sabin Rising Star Award winner and Deputy Executive Director of the Child Health Research Foundation (CHRF), shares how working with Sabin's Vaccine Epidemiology team helped deepen her organization's research and bolster their advocacy for typhoid conjugate vaccine introduction in Bangladesh.  Tune in to the Sabin Awards livestream on sabin.org May 12 as Dr. Saha receives her Rising Star Award at the National Academy of Sciences Building in Washington, D.C.!",Video Short; Applied Epi & Vaccine Introduction,Reel,"Asset Type: Video Short, Theme: Applied Epi & Vaccine Introduction",Video short,asset-like standardized tag,standardized_posts.tags,
instagram,17944066650191221,2026-04-29,https://www.instagram.com/reel/DXulBYxDlyz/,"""We have vaccines. We have the tools and the resources that are needed. But it's about how we can deliver those while working with countries as the ultimate decision-makers.""  This #WorldImmunizationWeek, hear from Sabin President of Global Immunization Rebecca Martin on why immunization is a critical pillar of global health security. #VaccinesWork",Video Short; Sabin Global Immunization; Vaccine Access & Equity,Reel,"Asset Type: Video Short, Team: Sabin Global Immunization, Theme: Vaccine Access & Equity",Video short,asset-like standardized tag,standardized_posts.tags,
linkedin,urn:li:ugcPost:7447375212058263554,2026-04-07,https://www.linkedin.com/feed/update/urn:li:ugcPost:7447375212058263554,"You hear it a lot — no invention has had a larger impact on human health than #vaccines.  They have saved an estimated 154 million lives over the past 50 years. That's a rate of six lives every minute.  For #WorldHealthDay this year, with the theme of #StandWithScience, we're sharing some of the science that makes vaccines effective and safe. ⤵️ ",General #VaccinesWork; Trust in Vaccines; Vaccine R&D,Status,"Theme: General #VaccinesWork, Theme: Trust in Vaccines, Theme: Vaccine R&D",Carousel,manual review: LinkedIn document carousel,manual asset override,User identified post ending 554 as a document/carousel.
linkedin,urn:li:ugcPost:7454940085776523264,2026-04-28,https://www.linkedin.com/feed/update/urn:li:ugcPost:7454940085776523264,"The largest measles outbreak in the U.S. since 1991 has ended. Over the last six months, nearly 1,000 people — most of them unvaccinated children — were infected with the disease, and at least 21 were hospitalized with complications.  The South Carolina outbreak was focused in a county where the majority of schools had measles vaccination rates below the 95% threshold required to prevent outbreaks, and officials say the outbreak was stopped, in part, because of an uptick in getting the vaccine.  Measles can be fatal, can leave children more vulnerable to new infections for years, and can also cause dangerous, long-lasting complications, some of which may not develop until nearly a decade after infection.   See our infographic on measles below, and read more on how the South Carolina outbreak was brought under control in a story by NPR ⤵️ https://ow.ly/wPQj50YRc93",Graphics Carousel; External News Story; Measles,Status,"Asset Type: Graphics Carousel, Promoted Content: External News Story, measles",Carousel,asset-like standardized tag,standardized_posts.tags,
linkedin,urn:li:ugcPost:7448023228935110657,2026-04-09,https://www.linkedin.com/feed/update/urn:li:ugcPost:7448023228935110657,"More than 240 researchers, policymakers, and health experts from 38 countries convened last month at the 14th International Conference on Typhoid & Other Invasive Salmonelloses, hosted by Sabin in Phnom Penh, Cambodia.  Poster awardees (pictured holding their award certificates) presented their latest research on typhoid and paratyphoid vaccine development, cost of illness in Indonesia, serosurveillance for typhoid in Afghanistan, disease burden estimation in Cambodia, and more.  In addition, generous sponsorship from Gates Foundation, GSK, the Typhoid Vaccine Acceleration Consortium, and Bharat Biotech, allowed 66 speakers (pictured) to present findings on disease burden, the genomic evolution of drug resistance, treatment for invasive non-typhoidal Salmonella,  the impact of vaccination programs, and more to attend the conference.   Read about shaping the future of typhoid prevention ⤵ https://ow.ly/902e50YFPfw ",Photo Carousel; Typhoid; Take On Typhoid/TyVAC,Photo,"Asset Type: Photo Carousel, Disease Area: Typhoid, Partner: Take On Typhoid/TyVAC",Carousel,asset-like standardized tag,standardized_posts.tags,
linkedin,urn:li:ugcPost:7449821326321618944,2026-04-14,https://www.linkedin.com/feed/update/urn:li:ugcPost:7449821326321618944,"🌟 Our 2026 Rising Star awardee, Dr. Senjuti Saha, has already left a permanent mark on public health.  Under her leadership as Deputy Executive Director of the Child Health Research Foundation in Bangladesh, surveillance programs have continued to generate critical evidence for the impact of vaccines, and her landmark studies on typhoid epidemiology and antimicrobial resistance formed the scientific foundation for Bangladesh’s launch of the typhoid conjugate vaccine campaign in October 2025, where over 40 million children under the age of 15 have been vaccinated so far.  We are excited to celebrate Dr. Saha for her impactful work, and also for her compassionate, community-rooted approach to science and mentorship.   Read her full bio on our website ⤵️ and mark your calendar to join the Sabin Awards Ceremony livestream on May 12 at 6:30 p.m. on sabin.org.  https://ow.ly/GfPX50YIrEB",Photo Carousel; Sabin Awards,Photo,"Asset Type: Photo Carousel, Topic: Sabin Awards",Carousel,asset-like standardized tag,standardized_posts.tags,
linkedin,7452064859661299712,2026-04-20,https://www.linkedin.com/feed/update/urn:li:share:7452064859661299712,"Looking for a position that makes a difference in the world? Our Research & Development team is growing, and we need people who are dedicated to vaccine science and interested in expanding vaccine access to everyone, everywhere.  Check out current openings ⤵️ https://ow.ly/ggUu50YLlHO",Single Photo; Sabin R&D; HR & Recruitment,Photo,"Asset Type: Single Photo, Team: Sabin R&D, Topic: HR & Recruitment",Photo,asset-like standardized tag,standardized_posts.tags,
linkedin,urn:li:ugcPost:7447692247724290048,2026-04-08,https://www.linkedin.com/feed/update/urn:li:ugcPost:7447692247724290048,"When you work in vaccine development, your friends and family may or may not be able to explain exactly what you do every day... 💉Hear from a few members of Sabin's R&D team on how close their loved ones come to nailing their job description.  And as for the real work, here's an explainer on how vaccines are made safe and effective ⤵️ https://ow.ly/y4H250YClMe",Video Short; Blog; Sabin R&D,Video,"Asset Type: Video Short, Promoted Content: Blog, Team: Sabin R&D",Video short,asset-like standardized tag,standardized_posts.tags,
linkedin,urn:li:ugcPost:7454549986060439554,2026-04-27,https://www.linkedin.com/feed/update/urn:li:ugcPost:7454549986060439554,"Vaccines aren't just an essential public health tool — they also save individuals and communities  money. Illness can disrupt the workforce, overwhelm health care systems, and ultimately be far more expensive than the vaccines that could have prevented the disease. #VaccinesWork #WorldImmunizationWeek2026",Graphics Carousel; General #VaccinesWork,Status,"Asset Type: Graphics Carousel, Theme: General #VaccinesWork",Carousel,asset-like standardized tag,standardized_posts.tags,
linkedin,urn:li:ugcPost:7445543972913147905,2026-04-02,https://www.linkedin.com/feed/update/urn:li:ugcPost:7445543972913147905,"Dozens of meetings, five panels and presentations, serious conversations about vaccine development and preparing for future outbreaks — it's been a busy week at the World Vaccine Congress. Here are live reactions from some of the Sabin team. 🎤   #WVCDC",Video Short; Event,Video,"Asset Type: Video Short, Promoted Content: Event",Video short,asset-like standardized tag,standardized_posts.tags,
linkedin,7450178496468774912,2026-04-15,https://www.linkedin.com/feed/update/urn:li:share:7450178496468774912,"The Sabin Vaccine Institute bids farewell to two members of its Board of Trustees who have had significant impact on the growth of the organization and welcomes two new members to the Board.   Sabin benefitted from the tenures of Trustees of Dr. Axel Hoos (far left), who served on the Board for 20 years, including several years as Chair, and Dr. Jacqueline Shea (second from left), CEO at Inovio Pharmaceuticals, Inc.  Joining the Sabin Board: Rene Salas (second from right) and Dr. John Paul Clark (far right).  “As we navigate a rapidly evolving R&D and global immunization landscape, their varied global and health experiences will add significantly to our Board,"" says Board Chair Dr. Regina Rabinovich.   Read more ⤵️ https://ow.ly/nAkG50YJTaG",,Photo,,Photo,raw platform post type,linkedin_post_performance_2026-04-01_to_2026-04-30_created_on_20260515T1434Z_linkedin_post_performance.csv,
linkedin,urn:li:ugcPost:7450538499264401408,2026-04-16,https://www.linkedin.com/feed/update/urn:li:ugcPost:7450538499264401408,"Join us in celebrating the tenure of Dr. Axel Hoos, who is departing the Sabin Board of Trustees after more than 20 years. 👏 His legacy includes two terms as Executive Chair, initiating a new strategic direction for the organization, and setting us on a path that includes vaccine development towards licensure. We thank him for his many years of impactful leadership.",General Sabin Staff/Org,Video,Topic: General Sabin Staff/Org,Video short,raw platform post type,linkedin_post_performance_2026-04-01_to_2026-04-30_created_on_20260515T1434Z_linkedin_post_performance.csv,
linkedin,urn:li:ugcPost:7455342677723750402,2026-04-29,https://www.linkedin.com/feed/update/urn:li:ugcPost:7455342677723750402,"""We have vaccines. We have the tools and the resources that are needed. But it's about how we can deliver those while working with countries as the ultimate decision-makers.""  This #WorldImmunizationWeek, hear from Sabin President of Global Immunization Rebecca Martin on why immunization is a critical pillar of global health security. ⤵️ #VaccinesWork",Video Short; Sabin Global Immunization; Vaccine Access & Equity,Video,"Asset Type: Video Short, Team: Sabin Global Immunization, Theme: Vaccine Access & Equity",Video short,asset-like standardized tag,standardized_posts.tags,
linkedin,urn:li:ugcPost:7453506825997471744,2026-04-24,https://www.linkedin.com/feed/update/urn:li:ugcPost:7453506825997471744,"What is a malariologist, and why is the work they do so important? 🦟  This #WorldMalariaDay, hear about the nuances of preventing the disease from Jason Maguire, Vice President, Clinical for Sabin's Research and Development team. Dr. Maguire, a malariologist,  studied and treated the disease for years as a physician and researcher with the U.S. Navy. ⤵️ ",Video Short; Malaria,Video,"Asset Type: Video Short, Disease Area: Malaria",Video short,asset-like standardized tag,standardized_posts.tags,
linkedin,urn:li:ugcPost:7452363094145679360,2026-04-21,https://www.linkedin.com/feed/update/urn:li:ugcPost:7452363094145679360,"🏅 Through their unwavering dedication to innovation in the service of humanity, the 2026 Sabin Gold Medal winners have advanced immunization and inspired a generation of scientists.  As physician-scientists, entrepreneurs, and life partners, Professors Uğur Şahin, MD, and Özlem Türeci, MD, have devoted their careers to translating science into meaningful medical advances for patients.   Together they led and initiated the historic development of the first approved new technology vaccine against COVID-19, moving from lab and clinical evaluation to conditional approval within an unprecedented 11-month period. This vaccine is credited with saving millions of lives worldwide.  With their team and partners, they are also leading initiatives to contribute to build a sustainable and resilient vaccine ecosystem, contributing to improved access to novel medicines worldwide.  Read more about their work on our website and stay tuned for details on how to livestream the 2026 Sabin Awards Ceremony on May 12.  https://lnkd.in/eDrqF8_n BioNTech SE ",Photo Carousel; Sabin Awards,Photo,"Asset Type: Photo Carousel, Topic: Sabin Awards",Carousel,asset-like standardized tag,standardized_posts.tags,
linkedin,7445168469811228672,2026-04-01,https://www.linkedin.com/feed/update/urn:li:share:7445168469811228672,"“There is no need for the vaccine because hunger will kill my child before any vaccine-preventable disease does.”  Sabin's Boost Community is made up of immunization professionals in all parts of the world. For member Fri Delphine Chifor, who works in parts of Cameroon where conflict has stripped families of safety, income, and access to basic services, vaccines remain one of the few consistent shields children still have. But getting vaccinated can often seem like a secondary concern as parents grapple with urgent questions of where their children will sleep tonight or how they will find their next meal.  Chifor shares how  the Cameroon Baptist Convention Health Services Immunization Program started intentionally shifting the way they engaged with families, addressing what mattered most to them first and offering essential vaccines at the same time.   The impact was immediate — not only did they vaccinate more than 163,000 children in less than a year, but they also screened thousands for malnutrition, gave away mosquito nets and medications, and provided more than 13,000 caregivers with nutrition and vaccine education.  Read the full story ⤵️ https://ow.ly/ieyC50YBTBp",Single Photo; Blog; GCE/Boost; Trust in Vaccines,Photo,"Asset Type: Single Photo, Promoted Content: Blog, Team: GCE/Boost, Theme: Trust in Vaccines",Photo,asset-like standardized tag,standardized_posts.tags,
linkedin,urn:li:ugcPost:7453499207795007490,2026-04-24,https://www.linkedin.com/feed/update/urn:li:ugcPost:7453499207795007490,"They toil for years, chasing the tantalizing promise of preventing devastating disease. They often have small budgets and little recognition. Yet when they strike gold, the entire world benefits.  Vaccinologists — some of the unsung heroes of global public health – work behind the scenes in laboratories around the world seeking to end suffering and death.   For one night, they are in the spotlight.  Read about the Sabin Awards, a prestigious honor which for the past 30 years has recognized those who spent their lives saving millions of others.   And see how to join us at this year’s celebration on May 12 via livestream.",,Status,,Photo,manual review: LinkedIn newsletter static image/photo,manual asset override,User identified post ending 490 as Sabin LinkedIn Newsletter static image/photo.
linkedin,urn:li:ugcPost:7447699070703464448,2026-04-09,https://www.linkedin.com/feed/update/urn:li:ugcPost:7447699070703464448,"From Phnom Penh, Cambodia to Kisumu, Kenya, to Washington, D.C., Sabin showcased new research and presented solutions to current barriers for those working with vaccines around the world.🌍  Read on for takeaways on typhoid prevention, malaria vaccine integration, what we learned and shared at The World Vaccine Congress, and more. ",,Status,,Photo,manual review: LinkedIn newsletter static image/photo,manual asset override,User identified post ending 448 as Sabin LinkedIn Newsletter static image/photo.
linkedin,7455698817011728384,2026-04-30,https://www.linkedin.com/feed/update/urn:li:share:7455698817011728384,"Dr. Sue Ann Costa Clemens has worked as a pediatrician in low- and middle-income countries where limited access to care generates overwhelming demand. She has worked as a vaccinologist, contributing to the development of more than 20 vaccines. And now, she is taking on what she describes as her “legacy work"" — training the next generation of vaccinologists through programs at the University of Oxford and the University of Siena, where she launched the first master’s degree in vaccinology.   In a recent episode of our web series, Getting to Zero, she spoke with us about her journey in the field, and gave insight into the skills next-gen vaccinologists need to have. Read our conversation ⤵️ https://ow.ly/PBuG50YS027 ",Static Graphic with Photo(s); Q&A,Photo,"Asset Type: Static Graphic with Photo(s), Promoted Content: Q&A",Graphic,asset-like standardized tag,standardized_posts.tags,
linkedin,urn:li:ugcPost:7450944925828972544,2026-04-17,https://www.linkedin.com/feed/update/urn:li:ugcPost:7450944925828972544,"""Although some of these rich countries have been able to get rid of the disease, many poorer countries or resource-limited countries are still fighting.""  #Typhoid remains a problem around the world — but #VaccinesWork to protect against the disease. Hear from these Sabin research partners about the work they're doing to #TakeOnTyphoid, and read Sabin President of Vaccine Epidemiology Dr. Denise Garrett, MD, MSc on the future of typhoid prevention.  🔗 https://ow.ly/YJ5j50YIt3A",Video Short; Typhoid; Blog; Sabin Global Immunization; Applied Epi & Vaccine Introduction,Video,"Asset Type: Video Short, Disease Area: Typhoid, Promoted Content: Blog, Team: Sabin Global Immunization, Theme: Applied Epi & Vaccine Introduction",Video short,asset-like standardized tag,standardized_posts.tags,
linkedin,7449549527046524928,2026-04-13,https://www.linkedin.com/feed/update/urn:li:share:7449549527046524928,"Sabin's Research & Development program prioritizes strong vaccine candidates for infectious diseases that lack commercial interest and disproportionately affect the world’s most vulnerable populations.   Current efforts include developing vaccines for Marburg and Ebola Sudan viruses. 🔬  Learn more about how we are powering research & development to expand life-saving vaccine access to everyone, everywhere ⤵️ https://ow.ly/wXnC50YIruW",Single Photo; Marburg; Sudan Ebolavirus; Sabin Page; Sabin R&D; Vaccine R&D,Photo,"Asset Type: Single Photo, Disease Area: Marburg, Disease Area: Sudan Ebolavirus, Promoted Content: Sabin Page, Team: Sabin R&D, Theme: Vaccine R&D",Photo,asset-like standardized tag,standardized_posts.tags,
linkedin,urn:li:ugcPost:7446934852316188672,2026-04-06,https://www.linkedin.com/feed/update/urn:li:ugcPost:7446934852316188672,"""It's very rare in one person's lifetime to be able to generate data, advocate for changes, and actually see the changes happen.""  Dr. Senjuti Saha, Sabin Rising Star Award winner and Deputy Executive Director of the Child Health Research Foundation (CHRF), shares how working with Sabin's Vaccine Epidemiology team helped deepen her organization's research and bolster their advocacy for typhoid conjugate vaccine introduction in Bangladesh.  Tune in to the Sabin Awards livestream on sabin.org May 12 as Dr. Saha receives her Rising Star Award at the National Academy of Sciences Building in Washington, D.C.!",Video Short; Applied Epi & Vaccine Introduction,Video,"Asset Type: Video Short, Theme: Applied Epi & Vaccine Introduction",Video short,asset-like standardized tag,standardized_posts.tags,
linkedin,7445954594775404544,2026-04-03,https://www.linkedin.com/feed/update/urn:li:share:7445954594775404544,"Albert B. Sabin's oral polio vaccine was once given on a sugar cube.  🔥 A hot topic at this week's #WVCDC World Vaccine Congress in Washington, D.C.: the many innovative ways to deliver vaccines that are on the horizon.  Here's a look at the various methods used to deliver vaccines today ⤵️ https://ow.ly/bSGw50YE0KS",Single Photo,Photo,Asset Type: Single Photo,Photo,asset-like standardized tag,standardized_posts.tags,
linkedin,urn:li:ugcPost:7453104225959555072,2026-04-23,https://www.linkedin.com/feed/update/urn:li:ugcPost:7453104225959555072,"The hexavalent vaccine offers clear advantages over the pentavalent — fewer injections, simplified schedules, logistical efficiencies, and stronger integration of polio vaccination into routine services.   But the switch to hexavalent requires coordinated action across policy, financing, supply chains, service delivery, data systems, workforce capacity, communication, and vaccine safety surveillance.  To support countries navigating this complexity, the Hexavalent Vaccine Switch Early Adopters Workshop, convened in Dakar, Senegal in November 2025 by Sabin and Gavi, the Vaccine Alliance, brought together national immunization leaders, Immunization Technical Advisory Group (NITAG) members, regional partners, and global technical agencies from ten African countries at different stages of readiness.  To get an inside look at the insights from this meeting, see the resources guide: ⤵️ https://lnkd.in/eqFFsKSE ",Photo Carousel; Sabin Global Immunization; VAD/VARN,Photo,"Asset Type: Photo Carousel, Team: Sabin Global Immunization, Team: VAD/VARN",Carousel,asset-like standardized tag,standardized_posts.tags,
linkedin,7452773282984017920,2026-04-22,https://www.linkedin.com/feed/update/urn:li:share:7452773282984017920,"“I wish people understood how critical immunization programs are, especially during crises. Vaccines save lives, and when conflicts disrupt these services, it leaves entire communities vulnerable to outbreaks of preventable diseases.""  As Sudan enters its fourth year of war, a look back at our report last year on health care disruption there — and a reminder of how health workers continue to reach out to communities even amidst conflict.  https://ow.ly/rjMa50YLme0",,Photo,,Photo,raw platform post type,linkedin_post_performance_2026-04-01_to_2026-04-30_created_on_20260515T1434Z_linkedin_post_performance.csv,
linkedin,7448475041777807362,2026-04-10,https://www.linkedin.com/feed/update/urn:li:share:7448475041777807362,"Enjoy reading news about progress in preventing disease?  Subscribe to the Sabin Vaccine Wire for global updates on research, policy, planning for outbreaks, and other essential information.  The latest issue of our free newsletter includes takeaways on typhoid prevention, malaria vaccine integration, what we learned and shared at The World Vaccine Congress, and more.  https://ow.ly/W8zJ50YHhSg",Single Photo; Newsletter Sign-Up,Photo,"Asset Type: Single Photo, Topic: Newsletter Sign-Up",Photo,asset-like standardized tag,standardized_posts.tags,
